veracity,claims
0,"The man who killed the Uvalde, Texas, school shooter wasn’t even an on-duty police officer."
0,The government gives you your credit score.
0,Bill Gates planned a smallpox-type outbreak.
0,allegedly shows pallets of boxes containing baby formula at the U.S. southern border.
0,"Active shooter drill at high school in Uvalde, Texas, two months before the elementary school shooting shows the event was a false flag."
0,"“Is ANYONE asking how Ron DeSantis was worth $340,000 in 2020 and is now worth $52 million?”"
0,"“Kari Lake has been appearing at rallies with neo-Nazis,” while “two federal juries have found” Katie Hobbs “guilty of racial discrimination.”"
0," “If you wanted to kill a bunch of MAGA voters in the middle of the heartland, how better than to target them and their kids with this deadly fentanyl? … It does look intentional.”"
1,“We produced more oil domestically in my first year in office than my predecessor did in his first year.”
0,Australia’s 2021 official death statistics provide evidence COVID-19 vaccines have caused thousands of excess deaths.
0,"“In Texas, Republicans passed a law allowing rapists to sue their victims for getting an abortion.”"
0," claims the U.S. military raided and subsequently destroyed a Moderna vaccine warehouse in Kansas City, Missouri."
0,The Biden administration has been “recklessly releasing potentially dangerous Afghans into our communities.”
1,"40 percent of baby formula products are out of stock in the United States, forcing some mothers to drive hours away to find the necessary product."
0,“When President Biden took office … there was no [COVID-19] vaccine available.”
0,Quebec passed bill eliminating parental primacy and increasing government power to make decisions regarding children.
0,Says the Biden administration is choosing to send baby formula to the border as one of its “out-of-touch priorities.”
0,Official Study Concludes That Masks Caused More COVID.
1,“Kathy Barnette wants to build a statue of Barack Obama right next to the one of Abraham Lincoln on Capitol Hill.”
1,Trump Vowed SCOTUS Picks Would End Roe v. Wade.
0,claims former Republican South Carolina Rep. Trey Gowdy attended the premiere of conservative filmmaker Dinesh D’Souza’s film “2000 Mules” at former President Donald Trump’s Mar-A-Lago residence.
0,Polish Armed Forces Wrote Letter Announcing Plan To Send ‘Airborne Units’ To Ukraine
1,Joe Biden “inherited inflation of 1.7%. Now we’re well over 8% and growing.”
0,claims Pfizer Vice President Rady Johnson was arrested by federal agents and charged with multiple counts of fraud.
0,Climate change is not real as Arctic circle was warmer than present 6000 years ago.
0,"Biden, Soros, Obama Are Planning A New World Order Conspiracy."
0,Scientists have found a cause of SIDS.
0, There is a pending case against me (Rodrigo Duterte) before the International Court of Justice.
0,"State Sen. Kirk deViere voted against Medicaid expansion, the governor’s budget and teacher raises."
0,claims chemicals in sunscreen products cause cancer while the sun does not.
0,“Just released” Pfizer documents show the Pfizer COVID-19 vaccine is “12% effective.”
0,A township electric vehicle charging station is powered with a diesel generator.
0,Says she never tweeted comments linking pedophilia and Islam.
0,Claims Queen Elizabeth II disparaged Filipinos while congratulating Ferdinand “BongBong” Marcos Jr. for winning the country’s presidential election.
0,“The vast majority of individuals that we’re releasing out (border) are not showing up for hearings.”
0,Bibles are not allowed in schools but are encouraged in prisons.
0,"“When unemployment goes down, inflation goes up.”"
1,U.S. deaths from COVID-19 hit 1 million.
0,A reporter who covered the Buffalo supermarket shooting was a “crisis actor.”
1,"Scott Morrison’s salary has risen from $140,000 to $550,000 in the past decade."
0,The problem with mail ballots in Lancaster County is a sign of “voter fraud.”
0, allegedly shows a tweet from 
0,"“We have 76% of Americans living paycheck to paycheck, meaning they are one paycheck away from poverty.”"
0,“they were not able to find a single healthy child in america that died from COVID-19 […] but one in every 2700 people are getting myocarditis”; “athletes are collapsing on playing fields as for myocarditis and it’s from the vaccines”; Moderna patent filed in 2019 is linked to t…
0,Map shows ships waiting to dock along Chinese coast.
0,“We are still not sure exactly what” the “great replacement theory” is.
0,Students In Wilkes identify themselves as cats or furries.
0,Georgia Secretary of State Brad Raffensperger used “$50 million of Zuckerberg money” in 2020 to “tip the scales.”
0,purportedly shows a tweet from Tesla CEO Elon Musk announcing his intention to purchase Dominion Voting Systems.
0,Plan B contraceptive pills have been banned through new abortion legislation in Tennessee and Missouri.
0,$35 billion in renewable energy projects have been rolled out in Australia in the past three years.
0,"Supreme Court Justice Clarence Thomas and his wife Ginni posted a photo of themselves enjoying a $5,135 bottle of wine “as American women despair about abortion rights being taken away from them.”"
0,"Agenda 21 means people can’t have private property, mostly, or land of their own."
0,“Democrats want open borders so they can bring in and amnesty tens of millions of illegal aliens — that’s their electoral strategy.”
0,The Biggest Drop In The DOW Stock Market Ever Took Place During The Biden Administration.
0,Biden set to sell America’s sovereignty to globalists at WHO on May 22.
0," Liberal, Labor and Greens plan to make Covid-19 vaccination mandatory."
0,Says Gov. Tony Evers is “a big proponent of this defund the police movement.”
0, Event 201 is evidence that officials already knew about COVID-19
0,claims the Rothschild family owns 
0,"“79% of Planned Parenthood clinics are in minority neighborhoods. This is not by accident. That is by its founder, Margaret Sanger’s, eugenicist design.”"
0,"Canadian Govt Publish Data That ‘Suggests’ People Triple-Vaccinated For COVID-19 Get Sicker, Develop Vaccine-Associated Enhanced Disease"
0,Nonprofit Operation Ukraine’s shipments of baby formula to Ukraine is responsible for shortage in the U.S.
0,"Abortion increases the risk of breast cancer, mental illness, and preterm labor."
0,Bill Gates “has been investing heavily in synthetic soy breast milk” and is behind the baby formula shortage.
0, There is a 
0,"“David Perdue voted with liberals” for $10 trillion “in new debt, his out-of-control federal spending is driving inflation through the roof.”"
0,Three government officials enjoy priority landing and takeoff in the country’s airports.
0,Georgia Gov. Brian Kemp “allowed 7.5 million ballots to be sent to every registered voter.”
1,"In 2020, when Raphael Warnock ran a campaign ad featuring himself with a beagle, “that wasn’t his dog.”"
0, Monkeypox is biological warfare by governments.
0,Video shows Palestinians staging shooting of a child by Israeli soldiers
0,“American journalist” Jack Posobiec was “arrested at World Economic Forum.”
0,Amendments to the International Health Regulations will give the World Health Organisation power to unilaterally impose lockdowns within member countries.
1,"In a recent year, the Milwaukee Police Department “collected more guns per capita off the streets than in New York.”"
0,Dominion lost its lawsuits against Rudy Giuliani and Sidney Powell.
0,"The Uvalde, Texas, school shooter was a “transsexual leftist illegal alien named Salvatore Ramos.”"
0,The amount of carbon dioxide in the air increased just .004 percent in 50 years
0,“Another Conspiracy Proven True!” referring to 2018 remarks by Pfizer CEO and claims about microchips in COVID-19 vaccines.
0, Monkeypox is linked to COVID-19 vaccines; a 2021 tabletop exercise portraying a monkeypox pandemic is evidence that global leaders planned the outbreak; the monkeypox vaccine was “ready” before the outbreak
1,"“90% of Americans, regardless of political party, want universal background checks.”"
1,The US has had 288 school shootings while other countries had 2 or less.
0,“We know from past experiences that the most effective tool for keeping kids safe is armed law enforcement on the campus.”
0,The vast majority of deaths during the Spanish flu pandemic in 1918-19 were due to bacterial infections caused by people wearing masks.
0,Says Gov. Greg Abbott offered the uncle of a Uvalde shooting victim money to say “we don’t need stronger gun laws.”
0,claims diesel is projected to reach $9 a gallon by August.
0,“There hasn’t been a single of these mass shootings that have been purchased at a gun show or on the internet.”
0," “[Spike] is harmful to the human body in at least eight different ways [and] can persist in the human body for weeks, or even months, after a person gets vaccinated”"
0,"“50% of the guns sold in Texas, because of the loopholes, do not pass through a background check.”"
0,"CNN is recycling crisis actors in reports about a man dying in Afghanistan in 2021 and at the Uvalde, Texas, school shooting in 2022."
0,Actor Morgan Freeman Said That Whiteness ‘Is A Disease’
0,"The Uvalde, Texas, school shooter was a “transsexual leftist illegal alien named Salvatore Ramos.”"
0,"purportedly shows a tweet from Republican Colorado Rep. Lauren Boebert that reads, “There is a Severe Thunderstorm Watch in NEW YORK CITY. Joe is even destroying the Blue States.”"
1,"“Most of these killers tend to be 18, 19 years old.”"
0,Stacey Abrams “supported the MLB boycott.”
0,claims to show images of an oil well and a lithium mine and alleges that lithium mining is significantly worse for the environment than drilling for oil.
0,"A Mars Rover photo captured by NASA shows a doorway, suggesting extraterrestrial life."
0, Apple cider vinegar and thermogenic supplements are effective for rapid weight loss
0,Agriculture “is still the No. 1 sector of the economy” in Georgia.
0,Finland is moving military equipment to the eastern border with Russia
0,"In the immediate wake of a fire and vandalism at the Madison headquarters of an anti-abortion group, Democrats had not condemned “activists who are engaging in this repugnant illegal activity.”"
0, claims Republican Tennessee Sen. Marsha Blackburn “proposed a plan wherein birth control should only be legal for married couples.”
0,"With $40 billion, Elon Musk could have given everyone in the U.S. $1 million"
0,Pfizer CEO Albert Bourla We Will Reduce The Number Of People By 50%
1, Does Photo Show Kevin Spacey and Ghislaine Maxwell in Buckingham Palace?
0,“Joe Biden’s Justice Department labeled parents ‘domestic terrorists.'”
0,claims 46 states have performed vote recounts that confirmed President Joe Biden lost the 2020 presidential election.
0,Brian Kemp and Secretary of State Brad Raffensperger “perhaps in collusion with the Radical Left Democrats” are attempting to “unseat” U.S. Rep. Marjorie Taylor Greene.
0,U.S. Department Of Defense Did Award A Contract For ‘COVID-19 Research’ In Ukraine 3 Months Before Virus Was Known To Exist.
0, “California Democrats are trying to legalize killing children up to the age of 28 days.”
0,"“I wish success for our heroic soldiers involved in this operation, which we are carrying out in close cooperation with the central Iraqi government and the regional administration.”"
0," “There is no evidence, other than models, that human CO2 emissions drive climate change and abundant evidence that the Sun, coupled with natural climate cycles, drives most, if not all, of recent climate changes”"
0,Klaus Schwab Says ‘Internet Must Be Reformed’ For The ‘Great Reset’
0, claims to show a mass graveyard for Russian soldiers who were killed during the invasion of Ukraine.
0, Government Proposed Taxing Unrealized Gains For Most Americans.
0,Old Fauci clip about natural immunity applies to COVID-19 vaccines.
0,A supporter of Vice President Leni Robredo tweeted to say that they fired their helpers and drivers who are supporting rival candidate Bongbong Marcos
0,"“The House voted to cap insulin prices to $35/month, just $420 each year! Richard Hudson voted NO.”"
0, “Remdesivir is proven to kill lives”
0,"According to the Census Bureau, “5 million more people voted than were registered to vote” in the 2020 election."
0,UN Released Carbon Emissions Regulations Saying That Ships Will Have To Travel 30% Slower.
1,"“As compared to last year, Texas has about 15% more power generation capacity.”"
0," A video taken from a car driving through Bucha, Ukraine, shows a corpse “moving his arm,” and then “in the rear view mirror the ‘corpse’ sits down.”"
0,The economy was “dead in the water when we got here. Virtually no jobs created.”
0, Fox News host 
0,“The Russian army captured the U.S Major General Roger L. Cloutier Jr. … in the besieged Ukrainian Azov camp in Mariupol.”
0,By sucking the Strategic Oil Reserve dry we’ve lowered gas prices by $.014
1," In 2022, Tennessee Republicans supported a piece of legislation that would legalize child marriage."
0,"“[T]he photos and video footage from Bucha are yet another staged event by the Kiev regime for the Western media, as it was in Mariupol with the maternity hospital, as well as in other cities.”"
0,“Senate Republicans’ plan” would “end Social Security” and “end Medicare.”
0," Pfizer Documents Do Reveal Vaccinated Individuals Will Transfer COVID Shot To Unvaccinated Through Inhalation, Skin Contact"
0,"Lisa Murkowski, Susan Collins and Mitt Romney “are pro-pedophile.”"
0,The FBI lost Hunter Biden’s laptop.
0,New Zealand Prime Minister Jacinda Ardern said that the country’s politics are less extreme than others’ because Rupert Murdoch was never allowed to set up a media outlet there.
0," Says Barack Obama tweeted, “Has anyone checked to make sure Donald Trump doesn’t have a Russian birth certificate?”"
0," purportedly shows clips of audience members yelling, “F*** Joe Biden,” at President Joe Biden."
0,"“Volodymyr Zelenskyy is a cousin of George Soros, Pentagon official says.”"
0, Triple Covid-19 vaccinated people will develop AIDS.
0,"If Republicans ever repealed the Affordable Care Act, that would mean “100 million Americans with preexisting conditions can once again be denied health care coverage by their insurance companies.”"
0, Official data has confirmed 800 COVID-19 ‘vaccine deaths’ in Australia.
0,"“With the money Elon Musk spent to buy Twitter shares, he could have given every American family $100,000 and still had enough left over to cancel all student debt.”"
0,Tucker Carlson suggested photos of bodies in Ukraine could have been staged
0,“A secret backroom deal” gave “away hundreds of millions of tax dollars to a Soros-owned company.”
0, Claims to show Russian Foreign Minister Sergey Lavrov seated behind the desk in the Oval Office during former President Donald Trump’s term.
0,Josh Mandel doctored an image in a campaign ad but “forgot to Photoshop the hands that clearly show he put his face on the body of a Black soldier.”
0,Imperial College London’s REACT-LC study found catching Covid-19 in the colder winter months may be a factor in whether some people find their symptoms persisting.
0,"“Over the course of two months, Tony Evers refused to remove (Curtis Schmitt Jr.) from the (state’s veterans) Board despite having the authority to do (so).”"
0," George Soros is wanted in Russia, declared a ‘global terrorist’ in China."
0,“Joe Biden’s open border” means that there are “more Democrat voters pouring into this country.”
0,claims Ukraine is the first country to implement the World Economic Forum’s (WEF) “Great Reset” plan by creating a social credit system and instituting universal basic income (UBI).
0,“John Fetterman’s a self-described democratic socialist.”
0,Carrying Sri Lankan flag will prevent military from shooting at protesters.
1,Only 2% of K-12 students would benefit from Iowa’s school voucher bill.
0,"“Sunscreens cause cancer, not the sun”; sunscreen and sunless tanning products contain cancer-causing ingredients"
0,purportedly shows a woman wearing a Nazi shirt while attending a rally for former President Donald Trump.
0,"“…Seven and a half years have passed since there was any trend in global warming at all” If global warming was caused by human emissions, temperature would rise at a steady rate"
1, No trees have been planted toward the coalition government’s 2018 target of one billion new trees by 2030.
0,"As with people vaccinated against COVID-19, “many people who were NOT vaccinated also experienced zero or mild symptoms.”"
0,Obamacare And Medical Coding Are Part Of A Global System Of Human Trafficking.
0,“The proposed (Virginia) House budget cuts hundreds of millions in funding for public education…”
0, Photos show Sen. Marsha Blackburn flashing a “white power gesture” during a Senate hearing (or vote) on the confirmation of Ketanji Brown Jackson to the Supreme Court.
0,New York City is “wasting taxpayer money on” billboards in Florida.
0,Ukrainian citizens need to be vaccinated to receive government war payment
0,“70% of increased prices in March came from Putin’s price hike in gasoline
0,"allegedly shows a CNN chyron that reads, “Elon Musk could threaten free speech on Twitter by allowing people to speak freely.”"
0,People protesting the Dakota Access pipeline “were intentionally poisoned” by government officials in North Dakota when a pilot “knowingly sprayed poisonous chemicals” over protesters’ camps.
0," A KKK billboard was put up in Johnson County, NC, for Donald Trump’s rally."
0,Claims that “widespread illegal ballot harvesting” elected Georgia’s two Democratic U.S. senators.
0,Ukraine is the money laundering and child sex trafficking “capital of the world”
0,Suggests ivermectin is an effective treatment for COVID-19.
0,“Toothpaste is poisonous”; “fluoride is a neurotoxin” and doesn’t prevent tooth decay.
0,The COVID-19 vaccines contain “HIV lipid wrappers.”
0, COVID-19 IS not A Virus And Is Snake Venom Being Used To poison People and Turn Them Into Satanic Hybrids.
0,Gilbert Gottfried died from the COVID-19 vaccine.
0,No child under the age of two is vaccinated in Japan.
0,The chairman of Virginia’s Republican Party made a “shockingly racist post” about Defense Secretary Lloyd Austin.
0, allegedly shows a statement released by former President Donald Trump that refers to former Vice President Mike Pence as a “dog.”
1,Mehmet Oz “called for a New Zealand-style gun ban” and said “Americans should have less access to guns.”
0,"“The West demonstrates totalitarian intolerance towards alternative points of view. Democracy, liberalism, pluralism are not observed here. On the contrary, censorship and arbitrariness are intensifying.”"
0," “Ron Johnson is trying to let insurance companies deny coverage to people with pre-existing conditions like cancer, depression, pregnancy, diabetes—or even COVID.”"
0, Healthy People DO not Die From COVID-19.
0,“As your Lieutenant Governor…I cut your taxes.”
0,purportedly shows President Joe Biden and newly-confirmed Supreme Court Justice Ketanji Brown Jackson celebrating the ousting of Pakistani Prime Minister Imran Khan.
0,McDonald’s added xylitol to its ice cream which is toxic to dogs.
0,High Vaccination Rate does not Explain Why 92% Of English COVID Deaths Are Among Fully Vaccinated
0,"The Biden Administration is engaging in extreme ‘woke’ politics by encouraging children to take chemical castration drugs and undergo surgeries, and they are lying to children by telling them puberty blockers are “reversible.”"
1,The founder of Kwanzaa is a convicted felon who kidnapped and tortured two women.
0,Christine Blasey Ford and Brett Kavanaugh were actors wearing masks during Kavanaugh’s U.S. Supreme Court confirmation hearing.
0, purports to show a BBC News report alleging that Ukraine was responsible for a rocket attack that killed 50 Ukrainian civilians at a railway station.
0,The Brooklyn subway attack was a false flag.
0,"There were 2,000 excess deaths in New Zealand while the vaccine was being rolled out."
0, George Soros injected “$33 million” into Black Lives Matter.
0, Bill Gates said a cow emits more pollution than a car.
0,Ukraine was responsible for the Kramatorsk train station bombing.
0,An American Medical Association document confirms Pfizer’s COVID-19 vaccine ingredients and effects vary depending on their “batch”.
1,The coalition government increased development aid for the Pacific region by 50 percent.
1,If Wisconsin Gov. Tony Evers “had passed his (gas) tax increases … fuel prices would be at least a dime higher.
0,Purportedly shows a news article claiming that Disney’s CEO admitted “going woke” was a “huge mistake.”
0,“Leftist justice reform” is the reason that the NYC subway shooting suspect wasn’t in jail at the time of the attack.
0,Putin Did End The Rothschild’s Control Over Russia By Nationalizing The Russian Central Bank
0,"Dave McCormick is “liberal, pro-Biden, pro-China.”"
0,No empire in history has existed for more than 250 years.
1,"“While the initial increase in oil prices resulted in a near instantaneous increase in gas prices for consumers, the subsequent decrease in crude oil prices has failed to meaningfully provide relief for Georgia’s families at the pump.”"
0,alleges Japan has the lowest infant mortality rate while the U.S. has the highest and suggests vaccines play a role in the difference.
0, Social Security Payment Will Become A ‘Federal Benefit Payment’
0,"Vladimir Putin “released 35,000 children from tunnels and subway in Ukraine.”"
0,Before Obama we had no ISIS.
0,New Zealand’s Digital Identity Trust Framework Bill allows government control over people’s banking.
1,“Inflation has gone up every month of the Biden presidency and just hit another 40-year high.”
0, Klaus Schwab says property ownership is unsustainable in WEF tweet
0,Says he has “always” believed “in a woman’s right to choose.”
0, Google Maps has opened all military and strategic facilities in Russia they have become available in maximum resolution
0, “turmeric prevents cancer.”
0,There are more people in work than there were before the pandemic.
0,Supreme Court Justices Amy Coney Barrett and Samuel Alito said that the U.S. needs a “domestic supply of infants” to meet the needs of parents seeking to adopt.
0,The World Health Organization receives 70 per cent of its funding from the pharmaceutical industry.
0,Mehmet Oz is “pro-abortion.”
0, Individuals Who Seek An Abortion in Ala. Are ‘Thrown In Prison For Life’
1,"Due to U.S. Senate rules, Democrats need “more than a majority … to codify Roe vs. Wade.”"
0,Australia’s longest-running weather station shows no pattern of warming since temperature records were first collected in 1862.
0,Bath and Body Works products are not recommended during pregnancy because they are suspected of “damaging fertility or the unborn child.”
0,"Vaccines Are Killing People Of Color At Twice The Rate Of White People, HHS Said"
0,"COVID-19 is a synthetic version of “snake venom” that evil forces are spreading through remdesivir, the COVID-19 vaccines and drinking water to “make you a hybrid of Satan.”"
1,a screenshot of a 
0,"“1,464 Ukrainian servicemen laid down their arms and surrendered. They are not subjected to violence or psychological pressure.”"
0,“The White House presented commemorative coins” dedicated to Ukraine President Volodymyr Zelenskyy.
0, Majorie Taylor Greene wore an earpiece during testimony.
0,"“After their massive tax giveaway to the superwealthy and giant corporations in 2017, congressional Republicans now want to raise taxes on middle class families”"
0,A video shows the Russian warship Moskva exploding.
0, Kids Getting Hepatitis Related To JJ Vaccine Adenovirus Vector.
0,The Chinese Communist Party owns and controls some of Australia’s most popular milk brands.
0,“DeSantis erases Disney’s tax exempt law. Will cost Disney $200 Mil in taxes. Per year!”
0, Lyme Disease Was Invented In A Lab In 1975.
1,"In 2021, “11,201 pounds of fentanyl were seized by Customs and Border Protection, which is enough to kill every American nearly seven times over.”"
0,"allegedly shows a headline from The Washington Post that reads, “China is forcing hundreds of millions of new trees to exist every year.”"
0,My Pillow CEO Mike Lindell is back on Twitter after Elon Musk takeover.
0, Scott Morrison did not propose that asylum seeker boards should be turned back during the lead-up to the 2013 election.
0,“Republicans’ (Rick Scott) plan would make Social Security disappear.”
0,Mehmet Oz “was a spokesman for a group who wanted to defund the police.”
1,Joe Biden’s $33bn Ukraine plan worth half Russia’s military budget
0,"That J.D. Vance said, “People who voted for Trump voted for him for racist reasons.”"
0,"“HIV was an invention created by the West”, people “took the HIV medication and got HIV”, you can “reverse HIV naturally”"
0,“Alkaline foods” can heal the body of cancer.
0,"The bipartisan infrastructure law “gives communities the money they need to get forever chemicals, PFAS off, out of the water. … [W]e’re going to get rid of it all.”"
0, It is more difficult and expensive to see a doctor in Australia than ever before.
0," “Disneyland estates have been used for MK-ULTRA mind control, human trafficking, occult rituals, and parading sexual deviants.”"
0, Are child hepatitis cases linked to COVID-19 vaccines?
1, “The Red Cross sells your donated blood to hospitals for $150 and then that hospital charges you thousands for a blood transfusion.”
0,"claims the state of Georgia found “over 1,600 instances of noncitizens voting in 2020.”"
1,"Since taking office, Hochul has passed more than 400 new bills"
0,"On any given night in Australia, more than 100,000 people do not have a roof over their head."
0,"Matt Dolan sponsored Michael Bloomberg’s “red-flag gun confiscation law, letting the people reporting your social media posts send SWAT teams to your house to take your guns.”"
0,Donald Trump invited all the Great MAGA Patriots to BOYCOTT the midterm elections in November
0,"Conservatives gained Twitter followers after the company announced its deal with Elon Musk because “Twitter lifted a broad anti-conservative, anti-Trump shadow ban.”"
0, U.S. pharmaceutical company Pfizer requested to have its public shares delisted from the New York Stock Exchange (NYSE).
0,“Kids are getting hepatitis. It’s being caused be an adenovirus. J&J had an adenovirus vector. Couldn’t possibly be related.”
0,"“Thanks to President of the Russian Federation V.V. Putin’s initiative, 80 civilians, including women and children, held by the Ukrainian nationalists have been rescued from the territory of the Azovstal factory in Mariupol.”"
0,Sen. Mark Kelly voted “for benefits to illegals.”
0,"claims five kids from Wichita, Kansas died from fentanyl-laced marijuana in a single day in April."
0," “Tylenol is the #1 cause of acute liver failure in the US with 27% of people dying & kills at least 100,000 per year from its use.”"
0,"Certain medicines and compounds like folic acid “deplete folate, which is very serious for those with MTHFR”"
0,"Under the Tories, families are £2,620 worse off."
1,"“… Justices Gorsuch, Kavanaugh, and Barrett assured the Senate Judiciary Committee and the American people that Roe v. Wade was ‘established precedent.’”"
0,Elon Musk suspended Bill Gates from Twitter.
0,"There were “400,000 illegal votes” cast in the 2020 presidential election"
0,"“The student debt that is out there, almost 60% of it is graduate school debt.”"
0,"The number of first-home buyers in 2021 was nearly 70,000 higher than when Labor was in government."
1, Overturning Roe v. Wade is unpopular with Americans.
0,“White House physician demands Biden’s immediate resignation following his ‘obvious’ cognitive decline.”
0,Inhaled Microplastics Found in Lung Tissue—Are Face Masks Contributing to the Problem?
0,“There are 63 million abortions a year in this country.”
0," “You know what happens to these individuals? They are either expelled under the Title 42 of the CDC, or they are placed into immigration enforcement proceedings. They make their claims under the law. If those claims don’t prevail, they are promptly removed from the United States…"
0,“Russia is the only country that delivers direct humanitarian aid to people … Sometimes Russian humanitarian caravans are bombed with weapons that NATO supplies to Ukraine.”
1,"“There has never been a leak anything like this” draft of a Supreme Court opinion that would overturn Roe v. Wade. “There’s never been a leak of a vote — much less an actual opinion, much less in a case of this significance.”"
0,"“the CGG CGG coding […] does not appear in nature”, this and the furin cleavage site from the SARS-CoV-2 spike protein gene suggests the virus wasn’t transmitted from animals to humans"
0,"“In Texas, Republicans passed a law allowing rapists to sue their victims for getting an abortion.”"
1,“New York leads the U.S. in population loss.”
0, “We categorically do not accept any war. We have done and are doing everything now so that there isn’t a war.”
1,"When the New York State Senate voted to legalize abortion in 1970, 12 Republican senators voted in favor of it."
0,The SARS-CoV-2 virus was engineered in a laboratory and deliberately released
0,President Joe Biden has “[s]topped abortion.”
0,California introduces a bill that would allow mothers to kill their babies up to 7 days after birth
0,"When there is “a noose on a college dorm of a Black student” or a racial slur “on a dormitory building, the odds are overwhelming that a Black student actually did that.”"
0,"Two days before the elections, the Department of Health will report a surge in COVID-19 cases and attribute it to Leni Robredo’s campaign rallies"
0,“Pfizer tries to hide 2.4K full-time hires handling vax injuries.”
0,claims North Atlantic Treaty Organization (NATO) forces attacked Russian soldiers heading toward the Ukrainian border.
0,A rash of “mysterious” fires at food-processing plants is “obviously suspicious and it could lead to serious food shortages.”
0," mRNA COVID-19 vaccines accumulate in the ovaries, change menstrual cycles, and lead the immune system to mount “an immune response to their own placental protein”"
0,Videos show that Ukraine President Volodymyr Zelenskyy uses cocaine.
0,“Roe v. Wade happened because a woman lied about being raped by black men.”
0,The corporate tax rate under Eisenhower was 90%
0,“Republicans DO NOT want to throw doctors” in jail.
0,claims Republican North Dakota Sen. Kevin Cramer stated that saving a fetus is worth losing the mother’s life.
0,"“Senator Grassley hopped off the Finance Committee, where he could be helpful to Iowa and the nation, in favor of the Judiciary Committee”"
0,"Algae ponds can capture all the carbon dioxide from coal-fired power stations, resulting in zero-emissions energy."
1,"The state crime lab under Attorney General Josh Kaul “is testing significantly less items than former AG Brad Schimel and is still taking longer to test many categories of key items in comparison to Schimel, including DNA.”"
0,claims 438 illegal immigrants were removed from Walt Disney World by the Florida Department of Labor.
0,“GOP Sen. Marsha Blackburn has proposed that birth control should only be legal for MARRIED couples.”
0,"“Tennessee just banned Plan B and made it a crime punishable by a $50,000 fine to order it.”"
0," “After the collapse of the Soviet Union, the United States and its satellites deployed a network of biolaboratories in the space of the former Soviet republics – in Georgia, Ukraine, Azerbaijan, Uzbekistan, Kazakhstan, and Armenia …”"
1,Texas is “50th in the nation in mental health care access.”
0, President Biden is giving the World Health Organization control over U.S. health care and national sovereignty
1,"“When we passed the assault weapons ban, mass shootings went down. When the law expired, mass shootings tripled.”"
0,Monkeypox is a Symptoms Of ‘Vaccine Induced AIDS’
0," ABC News altered the Uvalde, Texas, school shooter’s photo to appear more Caucasian."
0,Photo shows Russians queuing up to purchase their final McDonald’s meal
0,“Vice President Kamala Harris laughs at the plight of Ukraine; at idea of America offering assistance”
0,A post shared on Facebook claims Johns Hopkins University confirmed polymerase chain reaction (PCR) tests can vaccinate patients.
0,Russia Went Back To Using A Gold Standard.
0,Facebook video shows “counting Biden’s votes at 2 a.m.”
0,“Russian president Vladimir Putin meets with South Korean President.”
0,Cloud seeding caused record-breaking floods in Queensland and NSW.
0,Claimed that he had not suggested increasing federal income taxes on “over half of Americans” in his 11-point plan.
0,CDC data show mass vaccination with the COVID-19 vaccine has had no measurable impact on COVID-19 mortality in the United States
0,Federal Reserve is owned by a small group of banking families.
1,"Gov. Tony Evers has “only gotten one-third of the money meant for COVID relief out the door. He is sitting on $930 million in ARPA funds left unspent. In fact, he still has CARES Act money from two years ago.”"
1, Did former U.S. President Donald Trump call Russian President Vladimir Putin’s stated Ukraine strategy “savvy” and “genius.”
0, “In accordance with Article 51 of Part 7 of the U.N. Charter … I have decided to conduct a special military operation. Its purpose is to protect people who have been subjected to scorn and genocide by the Kyiv regime for eight years.
0,Photo shows Empire State Building lit up to support Ukraine.
0,Ghost of Kyiv has been shot down per APNews he had 15 kills.
0,"“Under Greg Abbott’s leadership, Texas is putting taxpayer dollars into Chinese companies.”"
1, A Taliban spokesperson released a statement calling for “restraint by both parties” and “to resolve the crisis through dialogue and peaceful means.”
0,Video cameras in cell where Epstein’s alleged model-agent pimp Jean-Luc Brunel was found dead reportedly not working at the time.
0,"“According to reports, the U.S. Embassy provided $1 million a day to support the so-called protest camp on Independence Square in Kyiv.”"
0,“Republican leadership has not been clear about whether they support Rep. Ramthun’s illegal and undemocratic resolution” on the 2020 election.
0,purportedly shows the “Ukrainian headquarters” exploding after being bombed by the Russians.
0,CNN identified “Bernie Gores” as the “first American casualty of the Ukraine crisis.”
0,Photo shows African youths disfigured by vaccines
0,“Bill Gates hatches ‘horribly stupid’ plan to block out the sun”
0,"“Ukraine has the nuclear technologies created back in the Soviet times and delivery vehicles for such weapons, including aircraft, as well as the Soviet-designed Tochka-U precision tactical missiles with a range of over 100 kilometers.”"
0,“NATO (under direction from the United States) is violating previous agreements and expanding eastward.”
0,"Rocket Launch Failure Killed 295 Russians On February 24, 2022."
0,“I’m the one that ended [the Nord Stream 2] pipeline” from Russia to Germany.
0,Sen. Ron Johnson has been “rewarding companies that outsource to China.”
0, “The Russian Defense Ministry stated that only officers and contractors are participating in the military operation in Ukraine.”
0,"“Over-vaccination causes faster mutation of the (COVID-19) virus, which causes a super virus we may not have the ability to fight off.”"
0,Gov. Greg Abbott has ordered “Family and Protective Services to begin investigating all trans children in Texas and prosecuting their parents as abusers.”
0,Gun manufacturing is “the only industry in America that can’t be sued.”
0, Taiwan’s COVID-19 Vaccine Deaths Higher Than All Virus Fatalities.
0,January 2022 fentanyl seizures show “illicit drugs are flowing into the country at an alarming rate because of Biden’s open border.”
0,“Putin has ordered his military to seek and destroy US-Deep State bio-labs” in Ukraine.
1, The word “propaganda” was misspelled “propoganda” at CPAC 2022.
0,The 2020 election “was stolen from Donald J. Trump.”
0, Photo shows Ukrainian President Volodymyr Zelenskyy visiting front line troops during the February 2022 invasion by Russia.
0,“We now have the scientific evidence that shows the risk of myocarditis for young males is greater for the vaccine than it is for the disease.”
0,“I’ve been in and out of Iraq and Afghanistan over 40 times.”
1, A Russian businessman offered a $1 million bounty for President Vladimir Putin’s arrest.
0,Build Back Better “would be a huge payday for Chinese manufacturing” and “would fill our streets with cars made with Chinese parts.”
0,Ottawa threatened to euthanize truckers pets as punishment
0,“Hillary Clinton spied on President Trump.”
0,Russian President Vladimir Putin said that Gilgit-Baltistan should be part of India.
0,Federal border officials are allowing undocumented immigrants who are “known criminals who possess an arrest warrant to fly on U.S. aircraft (which) threatens our homeland security.”
0,CNN Did Report That Explosion In Ukraine Was ‘Peaceful’
0,“CDC data show mass vaccination with the COVID-19 vaccine has had no measurable impact on COVID-19 mortality in the U.S.”
0,Former beauty queen Anastasiia Lenna joined the Ukrainian military.
1,"“Under my plan, nobody earning less than $400,000 a year will pay an additional penny in new taxes. Not a single penny.”"
0,The Therapeutic Goods Administration overturned a ban on ivermectin as a treatment for COVID-19.
0,Video shows Ukrainian crisis actors come to life after pretending to be dead.
0, The Ukrainian Flag Was Draped On The Statue Of Liberty.
0,The IRS is taking money away from people who received unemployment benefits.
0," COVID-19 vaccine mRNA is converted to DNA and enters the cell’s nucleus, so the vaccines can potentially change our DNA"
1," Ukrainian Deputy Prime Minister Mykhailo Fedorov wrote a letter to Meta CEO Mark Zuckerberg, calling for the company to block access to Facebook and Instagram in Russia."
0,Video shows voter fraud by the BJP during the 2022 Uttar Pradesh elections.
0,Dr. Anthony Fauci has not spoken or appeared publicly for several weeks.
0,allegedly shows a Chevron gas station in California where gasoline prices are listed at over $9 a gallon.
0,"“As the world rallies around Ukraine, Mike Lee was one of only two senators to oppose sanctions on Putin. Then he flew to the Kremlin and discussed dropping sanctions. Lee even opposed arming Ukrainians fighting for their lives.”"
0, A photograph shows Ukrainian President Volodymyr Zelenskyy holding a swastika jersey.
0, Video Of Putin’s Hand Going Through Microphone Is Proof Of Green Screen.
0, NATO Laptop With Intelligence was Found At Headquarters Of Ukrainian Nationalists
0,“Johns Hopkins” study finds “lockdowns” had “little to no” impact on COVID-19 deaths.
0,American Megachurches are not offering Relief and Support To The Ukrainian People
1,"“Here in Wisconsin, prescription drug costs grew at a pace of nearly twice as much as the average Wisconsinite’s income from 2015-2019.”"
0,allegedly shows a CNN chyron reporting that Russian President Vladimir Putin warned India against interfering in his invasion of Ukraine.
0,“Worldwide data has confirmed the vaccinated are developing COVID vaccine-induced Acquired Immune Deficiency Syndrome.”
0,Coffee is proven to cause certain types of cancer.
0,"“Donald Trump’s appeasement of Putin wasn’t just a personal act of treason, it’s the Republican Party’s official position.”"
0,“Joe Biden caved to the radical environmentalists and stopped America’s Keystone pipeline and dramatically increased Americans’ dependence on Russian oil”
0,“We were energy independent one year ago.”
0,"“In other words, you’re about 70 percent less likely to die if you take ivermectin compared to taking remdesivir”"
0,"Tamara Lich, leader of the Ottawa Trucker Convoy, found dead in her cell – reports"
0," There are 430,000 more people in employment than before the pandemic began."
0, The USA funds Bioweapons labs in Ukraine.
1,"The oil industry has “9,000 permits to drill now. They could be drilling right now, yesterday, last week, last year.”"
0,Russian President Vladimir Putin quietly dispatched nuclear bomber aircraft to Venezuela during Russia’s invasion of Ukraine.
0,"“Marco Rubio is following his party bosses, like Rick Scott, with his plan to raise taxes on Florida’s working families, retirees and veterans.”"
0, “COVID Deaths Have Been Vastly Overcounted”
0,Joe Biden’s cancellation of the Keystone pipeline “dramatically increased Americans’ dependence on Russian oil.”
0,Safety surveillance data in the Pfizer’s document shows harmful effects of the Pfizer-BioNTech COVID-19 vaccine
1,“We are No. 1 among all large states in having fully vaccinated teenagers. We are No. 2 in all large states for having fully vaccinated five- to 11- year-olds.”
0," “Toria Nuland just confirmed that the Russian disinformation (Bioweapons) they’ve been telling us for days is a lie and a conspiracy theory and crazy and immoral to believe is, in fact, totally and completely true.”"
1,“The US has made strides in reducing carbon emissions that other parts of the world have not.”
0,“We are not planning to attack other countries. We didn’t attack Ukraine in the first place.”
0,"Brian Kemp “dismissed concerns about voter fraud in the 2020 election” and “widespread illegal ballot harvesting continued, electing two Democrat senators.”"
0, Alexandria Ocasio-Cortez proposed a 10% tax on white people.
0,"“You couldn’t buy a cannon when, in fact, the Second Amendment passed.”"
0, claims a New York airport took legal possession of one of former President Donald Trump’s airplanes.
0,"Disney+ has had over 350,000 cancellations in the last five days."
0,Nigeria’s debt has increased by N4 trillion in the past six years.
0, “The same system that kept you in the dark about Ghislaine Maxwell…doesn’t mind live-streaming Johnny Depp’s trial.”
0, “I have never asked the president to resign. So what the book said was not true.”
1,Has a Wikipedia Co-Founder Complained About the Site’s Liberal Bias?
0, claims CNN anchor Chris Wallace quit the network after only three weeks on the air.
0, Squalene in vaccines caused Gulf War Syndrome; the World Health Organization aims to depopulate the world with sterility-causing vaccines
0,"“There is no country in the world that treats journalists more cruelly than Ukraine, the regime simply cannot stand freedom of speech …”"
0,A consent decree approved by Gov. Brian Kemp “invalidated all voter ID law” and “allowed fraudulent ballots to be accepted” in the 2020 race.
0,“We are watching what’s happening in the country … parents that are being attacked by the attorney general saying that somehow they are terrorists because they want to go to school board meetings.”
1,"Cannabis reform “is supported by the majority of the residents of our state, including a majority of Republicans.”"
0,“sooooo Red Cross won’t use vaxxed blood ??”
0,A “physics professor” says a mind-control weapon was used successfully in the Gulf War to force Iraqi troops to surrender.
0,Joe Biden didn’t sign an antilynching bill in a ceremony outside the White House on March 29.
0,Ukrainian refugees beat a Russian teenager to death in Germany.
0,“Medicare goes bankrupt in four years. Social Security goes bankrupt in 12 years.”
0, An Albert Einstein paper contradicts carbon dioxide-driven climate change.
0,“We are allowing human organisms to become bioweapon factories”
0,Video shows final moments before Boeing 737 plane crash in China
1,Florida is “49th in the nation when it comes to (Medicaid) funding” for people with disabilities.
0,Leonardo DiCaprio Donates $10 Million To Ukraine Armed Forces
0,"Classified documents from Ukraine “confirm without a shadow of a doubt” that the Ukraine government was “covertly preparing an offensive operation against Donbas, scheduled for March 2022.”"
0,Shows Vice President Kamala Harris avoiding a question about how long Americans “should be bracing for this historic inflation and some unprecedented gas prices.”
0," “According to data released by the U.S., it has 26 bio-labs and other related facilities in Ukraine, over which the U.S. Department of Defense has absolute control… the biological military activities of the U.S. in Ukraine are merely the tip of the iceberg.”"
0, Joe Biden “has been secretly flying illegal immigrants into communities across the country in the middle of the night.”
0,The FDA said vaccines are linked to heart attacks and deaths.
0,"U.S. Government Secretly Paid Major Media Outlets to Promote COVID Vaccines, Suppress Negative Coverage"
0,Video shows Russian President Vladimir Putin visited Air India aircraft to convince Indians.
0,“While Ukrainians bled and died … Congressman Budd excused their killer.”
0,A university study shows that the Pfizer COVID-19 vaccine enters the nucleus of a human cell.
0,"“As soon as Biden took office, he eliminated all subsidies for fossil fuels.”"
0, allegedly shows one of the victims of the Russian invasion of Ukraine smoking a cigarette while wrapped in a body bag.
0," “Russian muftis expressed support for the special operation in Ukraine and called it a forced preventive defensive measure, ‘based on the Holy Quran’.”"
1,“Virginia women are paid 80 cents for every dollar paid to Virginia men.”
0,Documents Were Published Confirming Moderna Created The COVID-19 Virus
0,"“What is happening here is not so different from what we’re seeing happening in Russia, where you have got state TV and controlled messaging across the board.”"
0,“I have never seen the CDC coming out saying” children should get four doses of the polio vaccine.
0,The presence of apes calls into question the concept of evolution.
0, Russia’s missile attack on the NATO training base at Javoriv killed 180 foreign mercenaries
0,Says Ron Johnson “is supporting the Republican plan that phases out Social Security and Medicare.”
0," Nato launched more than 10,000 air raids on Libya in 2011 with over 500,000 civilian casualities."
0,"“One year ago, these were side effects that Pfizer knew about” that “can cause you to die in any number of truly horrific ways.”"
0,Woman who accompanied Zelenskyy in March hospital visit died in February.
0,Jan. 6 defendants “are being held in prison without being charged.”
0," “During the liberation of Marinka, three instructors allegedly from the United States were killed, the people’s militia of the DNR reported.”"
0,A photo shows “NATO resupplying Ukrainian farmers anti-tank supplies.”
0," TV personalities such as Shark Tank investors, Dr. Phil and Dr. Oz endorsed CBD gummies; CBD gummies have numerous health benefits"
0,"Five Wisconsin cities received money for the 2020 election from Mark Zuckerberg, which amounted to “a wave of massive election bribery.”"
0, Kiev regime was covertly preparing an offensive operation against Donbass
0, Encephalitis caused by Pfizer’s Covid-19 vaccine.
0," The Conservatives cut the army from 98,000 personnel in 2010 to 72,500 in 2021 – a reduction of over 25,000."
0,Ketanji Brown Jackson “gave a lecture talking about critical race theory as one of the components to consider when you are making decisions on the bench.”
0,It is cheaper to fill a gas-powered vehicle than an electric one?
0,Ukraine is a country whose “government only exists because the Obama State Department helped to overthrow the previous regime.”
0,Florida eliminated its gas tax.
0,"The Russian airstrike on a maternity hospital in Mariupol, Ukraine, had “the makings of yet another false flag operation” led by the U.S."
0," A Pfizer document contains a list of around 158,000 adverse events “from their vaccine”."
0,The drug labels for the Pfizer COVID-19 vaccine “were blank when they should have contained all these diseases and adverse events” listed in a confidential report.
0,"Natural immunity protects better than vaccination; “the mortality risk of an un-boosted person under age 30 was zero”; cloth face masks, school closures had zero benefits for children and some harm"
0,“[Dr. Mehmet] Oz was a spokesman for a group who wanted to defund the police.”
1,Oil companies saw massive jumps in their oil revenues.
0,"“In April 1997, there was a ‘gas out’ conducted nationwide in protest of gas prices. Gasoline prices dropped 30 cents a gallon overnight.”"
0,The budget deficit and government debt are both five times higher under the coalition than they were under the previous Labor government.
0,Biden “wants to buy lithium from China for electric cars.”
1,"The CDC “removed tens of thousands of deaths linked to COVID-19, including nearly a quarter of deaths it had listed in those under 18 years old”"
0,San Francisco changed the name of Abraham Lincoln High School.
0,Mo Brooks “voted to cut off funding to destroy ISIS terrorists in the middle of the fight.”
0,Canadian Government Did Publish Data Suggesting People Triple-Vaccinated For COVID-19 Have Developed AIDS and Are five times More Likely To Die Of COVID Than Unvaccinated.
0,"In 2008, oil prices were 50 per cent higher than in 2022 but petrol was almost half the price."
0,“It was Republicans who nominated the 1st Black woman to the SCOTUS & she was BLOCKED & filibustered by … Joe Biden.”
0,George Soros said on CNN he helped overthrow the former Ukrainian president.
0,purportedly shows a man being arrested for wearing a shirt with the phrase “We the people” on it.
0,"CNN tweeted image of Serbian building, claimed it was bombed Ukraine hotel."
0,“Accusing China of spreading disinformation related to Ukraine is in itself disinformation.”
0,"Chelsea Manning is in jail, while George Bush and Dick Cheney are free."
0, Leaked visitor logs revealed that Rep. Adam Schiff visited sex trafficker Jeffrey Epstein’s private island 78 times.
0, To 
0,60% of Democrats say they wouldn’t fight if America was invaded.
0,U.S. Army officially begins dishonorably discharging soldiers who haven’t taken the vaccine
0,Employers can be jailed under the “Corporate Manslaughter Act” for adverse vaccine reactions suffered by their employees.
0, Ketanji Brown Jackson “believes in abortion on demand up to the moment of birth.”
0,Farmed salmon is poisonous and the dye used to make their grey flesh pink can cause humans to lose their eyesight
0, Foo Fighters drummer Taylor Hawkins died from a COVID-19 vaccine.
0,Bombshell Proof Of Colorado Election Machine Manipulation
0,Claims the government of Russia has announced a warrant for the arrest of billionaire George Soros.
0,White trail left behind by planes in sky spreads covid-19
0,The 2021 Georgia Senate runoff and the 2020 presidential election “were stolen.”
0,“Hunter Biden’s Rosemont Seneca investment fund financed the Pentagon’s military biological program in Ukraine.”
0,“New York state has already lost 99% of its historic freshwater wetlands.”
0,Ukraine grows 25% Of the World’s Wheat.
0,The price of crude oil increased 513% between Joe Biden’s inauguration and the Russian invasion of Ukraine
0,Shane Warne’s son revealed his dad had chest pains from the COVID-19 vaccine prior to his death.
0,“An extra 2 whole months and 15 days. That’s how long it takes for white women to make the same amount men made in the same job last year. And it’s even worse for women of color.”
1,Federal coverage for COVID-19 treatment and testing for uninsured Americans ended.
0,Biden told the press “I’m not gonna take any questions because I think it’s inappropriate”
0,“Oxygen kills cancer”; Otto Warburg won two Nobel Prizes for proving lack of oxygen is the cause of cancer
1,“Putin has the gall to say he’s ‘de-Nazifying’ Ukraine. It’s a lie.”
0,"Children in Israel, Finland, Sweden and Switzerland are provided with rifles at school."
0,Photos show electric cars discarded in a garbage dump after batteries failed.
0,An email shows that employers are requiring employees to wear masks during Zoom meetings.
0,“Danish researchers […] found protection against Omicron turned negative three months after the second dose”
0,“Half a million sharks could be killed to make the COVID-19 vaccine.”
0,Ronald McDonald House Is Evicting All Unvaccinated Children.
0,Barack Obama addressing people of Kenya prior to the 2022 General Elections.
0,The ‘CDC 2019-Novel Coronavirus (2019-nCoV) Real-Time RT-PCR Diagnostic Panel’ cannot differentiate between Covid-19 and flu.
0,Stallone wore an anti-Joe Biden and anti-Anthony Fauci shirt.
0, Washington state is considering a proposal to create internment camps for the unvaccinated.
0,Post claims Bill Gates call for withdrawal of COVID-19 vaccines.
0,"By the end of January 2022, all vaccinated Germans will have AIDS and be 100% more vulnerable to Covid infections."
0,Carlos Gimenez “wants a national database to track you and discriminate against you.”
0,4-Year-Old Cancer Patient Denied Make-A-Wish Over Vax Status.
0,Claims that all transactions totaling over $600 made on third-party payment apps like Venmo and PayPal will now be subject to taxes.
1,“The number of COVID-19 deaths recorded so far in 2021 has surpassed the total for 2020.”
0,“The shots were not studied in pregnant women”; “we have seen 50 times the rate of reporting [in VAERS] per month of miscarriages for this vaccine than the other vaccines put together.”
0,COVID-19 vaccine ingredients are not disclosed.
0,"“Blue Cross Blue Shield pays your doctor a $40,000 bonus for fully vaccinating at least 100 patients under the age of two.”"
0,"The COVID-19 vaccine contains bacteria and HIV, prevents body from making new white blood cells."
0,“Mask mandates on children lead to learning loss that harms early childhood development.”
1, U-Haul ran out of moving equipment for Californians leaving the state.
0,"We now have 420,000 more people in employment than there were before the pandemic began."
0,“This country’s working people actually got a raise.”
0,"Claims Trey Gowdy said one fifth of the population is attempting to convince everyone else “that 2000 years of history, structure, cultural norms, and philosophy is suddenly wrong…”"
0,“People are 7% poorer now because of Biden inflation.”
0,Claims World Economic Forum (WEF) executive chairman Klaus Schwab predicted the erasure of 4 billion “useless eaters” by 2050.
0,Raghav Chadha said Raghav Chadha will curb alcohol problems in Punjab since he is an alcoholic himself
0,"Justice Sonia Sotomayor tested positive for COVID-19, according to Facebook post showing image with altered CNBC headline."
0,NASA ‘admits’ polar ice has increased since 1979 and denies significant warming over the last 18 years
1,Omicron is “the fastest-spreading virus known to humankind.”
0,The Purpose Of COVID-19 Vaccines Is To ‘Kill Off A Large Proportion Of The Population’
0,A video shared on Facebook purportedly shows Slovenian tennis player Dalila Jakupović collapsing during a match at the 2022 Australian Open.
0,Video shows Chinese schoolchildren wearing hazmat suits
0,“Ashli Babbitt Tried To Stop Antifa False Flag On Jan 6th”
0,Researchers Discovered ‘Various Foreign Objects’ Like Worms In Pfizer-BioNTech COVID-19 Vaccine
0,A Black Lives Matter administrator was arrested in a 1983 bombing at the U.S. Capitol.
0,Hackers Cracked Pfizer And Moderna Servers And Reveal Vaccine Death Data.
0,The COVID-19 vaccines are experimental
0,NZ Prime Minister Jacinda Ardern expressed gushing support for Philippines presidential candidate Ferdinand “Bongbong” Marcos Jr.
0,"Estimated annual COVID-19 deaths in the U.S. totals 27,530, after you subtract those who died “with, not from” COVID-19, not in nursing homes and who didn’t have four or more comorbidities."
0,MIT Scientist Proves COVID-19 Vaccine Has Possible Long Term Side Effects
0,"“Every 37 seconds, someone is arrested for possession of marijuana.”"
0,"Just 50,000 people have died from COVID-only."
0,“DirecTV cancels OAN after Joe Biden orders media outlets and tech giants to banish voices that deviate from the regime’s official narrative.”
0,The alleged hackers of the Commission on Elections servers planned to commit electoral fraud against presidential aspirant Bongbong Marcos
0,Centers for Disease Control and Prevention study determined previous coronavirus infections offered greater protection against coronavirus than vaccination.
0,"“If the FAA is worried about what the 5G deployment will do to the planes, what do you think it will do to our bodies?”"
0,COVID-19 Vaccines Are Growing New Variants Inside The Bodies Of The Vaccinated
0, NYPD arrests nine-year-old girl for not showing proof of vaccination.
0,"“If you’re white, you don’t get the [COVID-19] vaccine or if you’re white, you don’t get [COVID-19] therapeutics.”"
0,"Purportedly shows an article published by The Guardian about Michael Spencer, a member of the U.K.’s House of Lords, funding a Congolese militia."
0,"“There’s 150 I believe now – it’s over 100 professional athletes dead, professional athletes, the prime of their life, dropping dead that are vaccinated, right on the pitch, right on the field, right on the court.”"
0," A picture shows official “Trump 2024” flags being sewn in China with the slogan, “Save America Again!”"
1,"In Iowa, “since we have put a number of the voting laws into place over the last several years — voter ID is one of those — we’ve actually seen voter participation increase, even in off-election years.”"
0,"“Without a shred of clinical data to support its decision, the Biden Administration has revoked the emergency use authorization for lifesaving monoclonal antibody treatments.”"
0,Kris Aquino died after her health deteriorated into a critical condition.
0,Senior citizens have until Jan. 31 to apply for “free dental work” under a recently announced Medicare “stimulus.”
0,"Fox News avoids lawsuits by claiming that “it’s NOT real news, but rather ‘entertainment.’”"
0,"The Biden-Harris administration “wants to hand out $450,000 to illegal immigrants.”"
0, South Carolina truckers headed for anti-vaccine mandate rally.
1, President Joe Biden received five draft deferments because of his asthma and thus did not serve in the Vietnam War.
0,Australia has recorded 12 times more deaths due to COVID-19 vaccines than from all other vaccines combined over 50 years.
0,“There’s never been a president (before Joe Biden) that has made race and gender the defining factor” for a Supreme Court nomination.
0,“Total Deaths From COVID MUCH LOWER Than Reported”
0,Dr. Anthony Fauci has never taken care of patients.
0,"COVID-19 Vaccines Contain Graphene bubbles, Can Be Remotely Detonated To Explode Like Bombs"
0, Scottish data shows that the Covid-19 age-standardized case rate is highest among the two-dose vaccinated and lowest among unvaccinated! It further shows this trend of negative efficacy for the double-vaccinated persisting for hospitalizations and deaths.
0," “Biden won’t allow Delta-variant COVID patients to get proven and effective monoclonal treatments even though there are 50,000-100,000 Americans infected by Delta EVERY DAY.”"
0,"COVID vaccines cause body to produce spike proteins in the brain, lung, heart, bone marrow, sex organs."
0,"COVID-19-induced pneumonia is “is actually mast cell degranulation of the lungs,” a type of allergic reaction."
0,An image shared on Facebook purportedly shows an NHS poster that warns the “COVID-19 Vaccine Causes Bell’s Palsy.”
0,“Chicago maintained the lowest unemployment rate through most of 2021 of any large American city.”
0,"Ten countries cancelled quarantine, covid procedures, vaccination, and Germany is recommending gargling with salt water to curb COVID"
1,“Clarence Thomas is about to become the only member of the current Supreme Court who was nominated by a president of one party and confirmed by a Senate controlled by the other party.”
0,Wisconsin Assembly Unanimously Votes To Withdraw Biden’s 2020 Electoral Votes
0,"Says Voltaire said, “To learn who rules over you, simply find out who you are not allowed to criticize.”"
1," A reminder that “Doctor” Rand Paul was a twice sued-for-malpractice eye doctor. He received his certification through an open-book take-home test administered by a non-accredit board that HE set up, consisting of his family."
0,SCOTUS said testing and vaccine mandates were illegal.
0,Did rugby player Jordan Michallet die due to Covid-19 vaccine?
0,Proposed changes to the Electoral Count act show Pence had the power and “could have overturned the election!”
0,"“Of course, we’ve heard story after story. I mean, all these athletes dropping dead on the field, but we’re supposed to ignore that.”"
0, “Worldwide Data suggests Fully Vaccinated [people] are developing Acquired Immunodeficiency Syndrome”
0,"“The Holocaust isn’t about race. No, it’s not about race.”"
0,"“Unlike US, #Russia deploys military forces only upon request from host countries. We fulfil [sic] agreements with them and abide by international law.”"
0,The Centers for Disease Control and Prevention has amassed the “largest collection of human data in history” through COVID-19 PCR tests.
0, Moderna and Pfizer are not Mandating COVID Vaccine For Its Employees.
0,Luc Montagnier’s death is linked to his “exposing” that there’s HIV in the COVID-19 vaccine.
0,"Everyone is at Risk for Blood Clots, Even The Healthiest Athletes"
0,CDC lowered speech standard for children because of masking.
0,"“As we know, it has already been stated today that Ukraine intends to create its own nuclear weapons, and this is not just bragging.”"
0,A White House official said a fourth round of stimulus payments are being made to eligible American.
0,"“Until 1981, this powerful body, the Supreme Court, was all white men.”"
0,“[A]t a time when we had 2 million illegal immigrants cross our border under Joe Biden’s tenure in office. That’s like adding the entire population of Nebraska to this country.”
0," “In 2022, illegal immigrants will have MORE FREEDOMS and easier access to healthcare and ballot boxes than most Americans… Just think about that.”"
0,“Facebook is spamming all climate articles by misleading readers about” the accuracy of climate models.”
0,Attorney Thomas Renz Reveals Mind Blowing COVID Jab Injury Numbers From DoD Whistleblowers.
0,“Pennsylvania had 2.6 million mail in votes that the court of appeals of PA held to be unconstitutional. Umm that alone means Biden lost PA.”
0, Norton renewed your annual membership and said to contact the company for a refund.
0,"Says Chuck Norris recorded a video in response to the Biden administration saying, “Our great country and freedom are under attack.”"
0,“It’s not illegal to go inside the Capitol” as the Oath Keepers and other Jan. 6 rioters did.
0,Thrombosis Deaths In UK Are 500%-600% Greater Than Last 14 Years
0,"“Without a shred of clinical data to support its decision, the Biden Administration has revoked the emergency use authorization for lifesaving monoclonal antibody treatments.”"
0," Microsoft developing microchip to hold vaccination status, trials in July"
0,Video Shows ‘Illegal’ Migrant Workers Arriving At Florida Hotel
1,“Tax collections for the first half of the current financial year rose at the fastest pace since president Uhuru Kenyatta took power in 2013 …”
0,"“They call” Jan. 6 “an insurrection,” but “were FBI agents used as political agitators?”"
0,Dan Bongino’s Graphic Of Unhealthy U.S. Cities Run By Democrats
0,“You couldn’t buy a cannon” when the Second Amendment was passed.
0, A post shared on Instagram alleges Pfizer advised against unprotected sex up to 28 days after receiving the second dose of its COVID-19 vaccine due to potential reproductive risks.
0,"Rep. Alexandria Ocasio-Cortez said, “I don’t need truckers. I get my food from the grocery store.”"
0,Korean has been adopted as an official language of the UN.
1,“Iowa Republicans have introduced a bill that would put government-installed cameras in every single classroom to livestream school activities for parents to spy on teachers and children.”
1,“Governor Kate Brown wants to make Oregon’s mask mandate PERMANENT.”
0," Biden Administration To Fund Crack Pipes, Heroin."
0,A study on the NIH website comes to a different conclusion than the CDC about the use of ivermectin to treat COVID-19.
0,"Incidences of heart attacks, Bell’s palsy, congenital malformations, female infertility, pulmonary embolisms, neurological abnormalities and cancers have increased dramatically, according to NHS data."
0,“Biden and most Democrats want to cap insulin prices at $35 per month. All 50 Republicans in the Senate are opposed to it.”
0,The CDC’s death rate estimates for COVID-19 are “classifying people who have 1 or 2 jabs as ‘unvaccinated.'”
0,“President Trump sanctioned Russia. President Biden gave them a pipeline.”
0,More than 200 Australian doctors have been struck off the medical register during the COVID-19 pandemic.
0,“4 busloads of illegals” were “dropped off from the Southern Border” at a Florida hotel.
0, Judge Ordered Ottawa Police To Return Seized Fuel Taken During ‘Freedom Convoy’
0,"Clips of Dr. Anthony Fauci show he “flip-flopped” on guidance for wearing masks, whether kids should be in school and whether people should change how they interact."
1,"R. Kelly is a convicted pedophile. His music is still on Spotify. The Left has no problem with that, yet they’re waging war against Rogan."
0,Dispensers sell bullets ‘by the pound’ at an Idaho grocery store
0,"80% Of Serious COVID Cases In Israel ARE among Fully Vaccinated, says Dr. Yaakov Jerris."
0,COVID-19 vaccines caused a 40% increase in deaths identified by a life insurance company.
0,A nine-year-old girl was arrested at the Natural History Museum in New York City for refusing to show proof of vaccination.
0," “New Jersey and Maryland produce more solar power than Florida, the Sunshine State!”"
0,The COVID-19 vaccine “destroys the subject’s natural immune system”; HIV VB variant is a “cover up”
0,COVID-19 vaccines are the first that allow the virus to spread “even after vaccination.”
0,Canadian Government Planted Dumpster Full Of Rocks To Provoke Violence At ‘Freedom Convoy’
0,Arizona House bill to “decertify” 2020 results “could effectively recall the Biden electors.”
0, COVID Vaccines Are Experimental Gene Therapy.
0,"“In Joe Biden’s America, your children are more likely to have access to a crack pipe than a mask-free education.”"
0,COVID vaccines cause permanent damage to children’s critical organs.
0,The CDC staged “the ‘escaping monkeys’ as a cover story for releasing the next bioweapon.”
0,The New Zealand government is considering putting COVID-19 vaccines into city water supplies.
0,“Food crops can be engineered right now based on existing technology to cause infertility in Black people alone.”
0,Allegedly shows a COVID-19 crisis actor emerging out of a body bag in the middle of a news broadcast.
0,Doctors In Western Countries Are Being Arrested For Prescribing Ivermectin
0,There is no evidence carbon dioxide directly causes any change in the climate.
0,COVID-19 Vaccines Are ‘Dangerous And Ineffective’ And ‘Need To Be Withdrawn From The Market’
0,“The second booster has eight strains of HIV.”
0," In February 2022, Moderna CEO Stéphane Bancel suddenly dumped $400 million worth of the company’s stock over worries that it was about to lose value because of “bad news,” and deleted his Twitter account."
0, A video shows that “OnlyFans has guys on campus encouraging your daughters to do porn for ‘financial freedom.’”
1,"“Inflation has been caused by the global economies shutting down all at once, reopening all at once. And … the U.S. economy is recovering at a far faster pace than any other country in the OECD.”"
0,Hackers released ‘vaccine death data’ from Pfizer and Moderna.
0, Turning Point USA is a white nationalist organization.
0,"In 2021, cases of pregnancy and fertility issues, cancer, neurological issues, and heart disease spiked after COVID-19 vaccination"
1, “The social relief of distress grant has provided support to more than 10 million unemployed people…”
0,Says the FDA said that Pfizer “falsely misled” the agency about the safety of the COVID-19 vaccines and that the shots are killing more people than they save.
0,Cancer rates have increased 20-fold since Operation Warp Speed.
1,“More than half of Virginia’s school buildings are older than 50 years.”
0, COVID Vaccines Have Increased ‘Serious Injury’ By Over 2000% In Germany
0, Former President Donald Trump’s “Truth Social” platform will cost users $4.99 a week.
0,Claims 50 percent of Ottawa’s police force resigned in the wake of the Freedom Convoy protests in the city.
0," “[T]he law allows Trump to tear up documents, shred them, and take documents when he left the White House.”"
0,Data from the US military shows a sharp rise in the incidence of various diseases in 2021.
1,"“Teachers can only deduct up to $250 for school supplies on their taxes, but billionaires can write off the entire cost of a private jet.”"
0,Shocking Evidence of Widespread Fraud in Wisconsin’s Voter Database.
0,At least 50% of people who survive Covid-19 have debilitating health issues in the months afterwards.
0,"Modi government has spent Rs 1,000-crore to build the Statue of Equality."
0,"Says the Biden administration’s Unaccompanied Alien Children process has “no vetting, no transparency.”"
0,The Lancet Published Medical Professor’s Warning That Natural Immunity Has Made Vaccine Mandates Irrelevant
0,"Says Rep. Marjorie Taylor Greene said, “If it weren’t for electricity, we’d all be watching TV by candlelight.”"
0,purportedly shows former President Donald Trump with his pants pulled high above his waist.
0,"“Books banned in Texas include 1984, Maus, and The Handmaid’s Tale, but not Mein Kampf.”"
0,Canadian Prime Minister Justin Trudeau posted a message on social media telling vaccinated Canadians to stop talking to their unvaccinated relatives.
0,“There is absolutely no observed or clinical data that indicates any benefit whatsoever to masking K-12 students in schools.”
0, Scientists Lied About Isolating The Virus That Causes COVID-19.
0, Dr. Anthony Fauci was charged with murder by a grand jury.
0,COVID-19 boosters are ‘destroying your immune system’
0,Pakistan university sent letter to students warning them against valentines day celebrations.
0,“Ukraine was the No. 1 donor to Hillary Clinton when she was running for president.”
0, Queen Elizabeth II is taking ivermectin to treat COVID-19.
0,Greenpeace USA had a banner on Trump International Hotel in Las Vegas making fun of Donald Trump’s genitalia.
0, Trump Passed Bill Raising Taxes In 2021 And Every Two Years Until 2027
0,“The latest with the Durham report is that the Clinton campaign … actually spied on the president of the United States.”
0,"“The United States directly controls the National Agency on Corruption Prevention, the National Anti-Corruption Bureau, the Specialized Anti-Corruption Prosecutor’s Office and the High Anti-Corruption Court.”"
0, Russia is targeting U.S. biological weapons labs in Ukraine invasion.
0," Claims the FDA said Pfizer falsely misled them regarding the safety of its COVID-19 vaccine, adding that it was causing two deaths for every life it saved."
0,"Freedom Convoy protesters in Ottawa, Ontario were arrested and released “in the middle of nowhere” because the arrests were “illegal.”"
1, Russian state television has been airing and translating clips from Fox News host Tucker Carlson’s show where he defends Putin.
0, allegedly shows an explosion at a Ukrainian power plant caused by a Russian airstrike.
0,Ethnic Russians face “genocide perpetrated by the Kyiv regime.”
0,Wearing masks is “COVID theater” and “not doing anything.”
0," In March 2022, U.S. Rep. Paul Gosar defended himself from criticism with a tweet in which he indicated he had been called “stupid” for his whole life."
0,Hunter Biden’s payments from the Ukrainian oil and gas company Burisma Holdings ended with the Russian invasion of Ukraine.
0, The government is using the Centers for Disease Control and Prevention to collect DNA through COVID-19 test samples
0,"The planned release of 60 million barrels of global oil reserves, including 30 million from the U.S., “will help blunt gas prices here at home.”"
0," “Everyone understands that the Third World War can only be nuclear. But I draw your attention to the fact that nuclear war is constantly spinning in the heads of Western politicians, not in the heads of Russians.”"
0,Joe Biden’s comments prove that food shortages are being “done deliberately by the governments of the world.”
0," Hormonal birth control is associated with “PCOS [polycystic ovarian syndrome], hormonal imbalances, depression, and infertility”"
0,“[Dave] McCormick’s woke Connecticut hedge fund supported Black Lives Matter.”
0," allegedly shows a Fox News chyron quoting Republican Texas Sen. Ted Cruz’s wife, Heidi Cruz, as saying, “Ted Does Not Tan His Testicles.”"
1," Students at a Missouri public school were given a math assignment referencing Maya Angelou’s sexual abuse, sex work."
0,Did Finnish Parliament Vote to Join NATO?
0,“David McCormick paid for attacks on Donald Trump.”
0, The Russian attack on a Mariupol maternity hospital was staged.
0,“Congress Just Gave Itself A 21% Raise As Americans Can’t Afford Gas.”
0,Marjorie Taylor Greene Refused to Clap for Volodymyr Zelensky.
0,"There were more than 1,200 vaccine-related deaths in the first 90 days of the Pfizer rollout."
0,"Virginia Tech swimmer Reka Gyorgy tweeted, “My finals spot was stolen by Lia Thomas, who is a biological male.”"
0, A picture of U.S. President Joe Biden in front of the White House in March 2022 was “staged” or digitally altered to add trees.
0," Ketanji Brown Jackson has “a weak record — defund police, abolish ICE and now a completely open border policy.”"
0,NPR published an article about the January 6 2021 storming of the US capitol before it happened.
0,"A “baby’s immune system” cannot “safely handle 8 different antigens 💉 (toxins, bacteria, DNA) in 1 day”"
0,"The so-called collective West does not need a strong and sovereign Russia, and will not forgive us our independent policy and standing up for our national interests. It is trying to divide our society. It’s aim is to destroy Russia.”"
0,"“You go to a store, they don’t have bread.”"
1,The study by Rössner et al. “add[ed] further evidence for the usefulness of vaccines and their clear advantage over natural immunity”
0,“It hasn’t been mandatory that any adverse events are reported” to the Vaccine Adverse Event Reporting System following COVID-19 vaccination.
0,“David McCormick fired Pennsylvanians and bragged about shipping their jobs to Asia.”
0,“Private sources confirmed to Sputnik that 87 militants had left for Ukraine … all of the 87 used to be affiliated with Daesh [Arabic for Islamic State] before they merged into new groups.”
0,"Thanks to the American Rescue Plan’s changes to the Affordable Care Act, “four out of five consumers (are) finding quality coverage for under $10 a month.”"
0," The OPP And RCMP Report 2.3 Million People On Foot And Upwards To 150,000 Truckers At Anti-Vaccine Protest in Ottawa"
0,Ivermectin was effective against omicron in phase 3 clinical trials.
0,A Michigan school put litter boxes in bathrooms for students who identify as cats.
0,"“(I) am proud that Senator Rubio and I were able to help secure an unprecedented $1 billion for Everglades restoration, the largest single amount ever allocated by the federal government.”"
0,Canadian Prime Minister Justin Trudeau posted a message on social media telling vaccinated Canadians to stop talking to their unvaccinated relatives.
0,NASA study says snake plants can produce enough oxygen for humans to live in a sealed room.
0,only one person in the world has died from the omicron variant of coronavirus
0,Tesco’s pro-vaccine Christmas ad was removed after receiving backlash.
0,"The omicron variant of COVID-19 “came out” in 2021, but “the copyright on this book” about the variant is 2020."
0,"A Hindu woman was abducted outside a court in Umerkot, Pakistan."
0,Kenosha “Police were told to stand down as businesses were destroyed.”
1,Ghislaine Maxwell was at Chelsea Clinton’s Wedding.
0,Image shows Donald Trump’s new Christmas card.
0,Media Approval Ratings Fell Below Congress’ As Trump Ran For President
0," Because of omicron, “the Biden administration has decided to leave the U.S. southern border completely open.”"
0,Photos of Boris Johnson receiving his Covid-19 booster vaccine do not show him being vaccinated.
1,"“Even after accounting for rising prices, the typical American family has more money in their pockets than they did last year.”"
0, Replacing cornfields with solar panels exacerbates climate change.
0,“Over 800 pounds of fentanyl were seized at our Southern Border in October. This is Biden’s Border Crisis.”
0, Kyle Rittenhouse filed a defamation lawsuit against LeBron James.
0, Antarctic Ice Is At A New Record Maximum in 2021.
0,Md. Fayez Ahmad attacked Hindu girl in West Bengal in ‘love jihad’ case.
0,Gas prices were “$1.86 when I left” the White House.
0,"Gasoline is $2.10 in Russia, $0.78 in Kuwait and $0.98 in Saudi Arabia."
0,Vaccinated people under 60 in England “are dying at twice the rate of unvaccinated people the same age. … I don’t know how to explain this other than vaccine-caused mortality.”
0,5G Millimeter Waves Causes Health Problems In Humans.
0,"Symptoms of the omicron variant include “Heart failure, Arrhythmia, Heart inflammation, Blood clots, Strokes, Peripheral Nerve Damage, Multi Organ Failure,” and are actually caused by COVID-19 vaccines."
0,"Images show weapons seized in Debre Sina, Ethiopia."
0,The COVID-19 vaccine is the “deadliest vaccine ever made.”
0,Ivanka Trump Is Joining The Democrats To Run Against Her Dad.
0,"“Americans on average have about $100 more in their pockets each month than they did last year, after accounting for inflation.”"
0,A post shared on Facebook claims the omicron COVID-19 variant is named after a military code.
0,"Former President George W. Bush Was Arrested On Veterans Day, Denied Tribunal Extension."
0,"“As far as African countries are concerned, it is only Nigeria that has been taken off the impunity index.”"
0,"Society is “choosing blood clots and heart problems over cold and flu symptoms, or even no symptoms at all.”"
0,"“In Germany, a fence separates vaccinated and unvaccinated people. The biggest symptom of COVID is insanity”"
0,"“The toxicity of COVID-Omicron is 5 times higher than that of the Delta variant, and the mortality rate is also higher than that of Delta.”"
0,Pilot Deaths Up 1700% after Vax Mandates.
0,Says Vice President Kamala Harris called the unvaccinated “dirty Trump people.”
0,Video shows the atrocities faced by minorities in Kashmir.
0,“Wisconsin 2020 election investigation finds more illegal votes were cast than Biden’s margin of victory.”
0,Mike Lindell Gives Closed-Door Testimonies Against Trump.
0, Only 4 states still had mask mandates as of Nov. 30.
0, Japan Endorsed Ivermectin As COVID-19 Treatment To Send Cases Plummeting.
0,Miscarriage is among the ‘tragic side effects’ of mRNA vaccines
0,More than a thousand new coal plants are being built around the world while Australia plans to shut down its remaining facilities.
0,“I’ve been against that war in Afghanistan from the very beginning.”
0,the image shows what scientists have predicted Earth “will look like in 20 years from space if we don’t reverse climate change” 
0,"“2,809 Dead Babies in VAERS Following COVID Shots as New Documents Prove Pfizer, the FDA, and the CDC Knew the Shots Were Not Safe for Pregnant Women”"
0,Dr. Fauci Admits That Covid Vaccines May Actually Make People ‘Worse’
0,the World Economic Forum (WEF) reported about the omicron variant back in July.
0,Billboard shows New Zealand Prime Minister Jacinda Ardern telling Kiwis to get booster shot to get up to six months worth of freedoms.
0,Soft-tissue cancer diagnoses have “climbed through the roof” in 2021 as a result of COVID-19 vaccines.
0,"Nancy Pelosi rejected Donald Trump’s request for 10,000 National Guard troops to be deployed before Jan. 6."
1,“Overdoses in Virginia (are) up 35%.”
0,The COVID-19 vaccines cause AIDS.
1,The percentage of the UK population who have received a booster vaccine is double that of the EU.
0,“Boy passes Joe Biden a vial of fresh blood to drink on his way back to the White House.”
0,A probe found more ‘illegal votes’ in Wisconsin than Biden’s victory margin
1,"“Voter ID is supported by an overwhelming majority of NYers, from all across the state, walks of life, & political parties.”"
0,The Salvation Army Mandated Critical Race Theory Training.
0,It’s a myth that autism is genetic.
0,"60,000 scientists call for an end to mass vaccination."
0,An abstract published in an American Heart Association journal is “Proof the Covid Jab is Murder.”
1,Jimmy Carter Stopped a Nuclear Reactor From Destroying Ottawa
0, “Sweden obliterates the lie of ‘vaccines’ as ticket to ending pandemic” mass vaccination create vaccine-mediated viral enhancement
0,Malaysian police investigating ‘slash and grab’ robberies using business-card knives
0,"The expanded child tax credit in the Build Back Better Act has “no means testing,” so people making $200,000 and $400,000 would get “the same as someone making” $70,000."
0, mRNA vaccines force “your child’s body to make toxic spike proteins. These proteins often cause permanent damage in children’s critical organs”; “there is no benefit for your children or your family to be vaccinating your children”
0,“Maybe they’re just calling the common cold … the omicron variant.”
0, claims that the Federal Emergency Management System (FEMA) arrived in Kentucky to provide relief to tornado-struck areas with more vaccines than other supplies.
0," COVID Vaccine Spike Proteins Do Enter Cell Nuclei, Suppress DNA Repair, Or Unleash Cancer, Immunodeficiency, Autoimmune Disorders Or Accelerated Aging"
1,"100,000 people in Scotland currently suffering from long Covid"
0,Santa Claus was arrested by German police for not wearing a mask at a market.
0, CDC Admits Vaccinated Parents Are Killing Unvaccinated Kids
0, “They’ve now killed close to twice as many kids from the vaccine as have died from COVID.”
1, Marjorie Taylor Greene Owns Stock in Three Vaccine Manufacturers
0,Vice President Kamala Harris tweeting that Kyle Rittenhouse created a specific Instagram account and that people should not follow it
0,“The Budapest Memorandum concerns security guarantees for Ukraine as a non-nuclear state … [A]ll guarantees have been provided and observed.”
0,"“I represent more, or just as many or more, people than Joe Manchin does.”"
0,"An image shared on Facebook purportedly shows a poster created by the World Health Organization that says, “We’re in this forever.”"
0,Hydroxychloroquine Does Decalcify The Pineal Gland.
0,"“Polar bears have increased 400% in 45 years; whales are nearly fully recovered; extinctions are down 90% past century. Koalas are doing fine. If we could ban wind turbines we could save 85,000 birds of prey/yr in US alone.”"
0,a “game-changing study” showed that “COVID vaccines [were] more dangerous than the virus itself”; “children aged 12 to 17 are more likely to be hospitalized for myocarditis than for COVID.”
0,People with “natural immunity” from COVID-19 due to prior infection cannot catch the virus again.
0," Team of 1,000 lawyers And 10,000 Medical Experts Did Not Start Nuremberg 2 Trial against World Leaders for Crimes Against Humanity"
0,People in their 20s have a “7 times higher risk of death after vaccination than from COVID”
0,the image shows the White House website saying President Joe Biden’s winter plan to fight COVID-19 includes putting Americans into quarantine centers
0,Photo shows Prime Minister Narendra Modi touched the feet of IAS officer Arti Dogra.
0,"If you have “natural immunity,” getting vaccinated against COVID-19 “is more likely to harm you severely.”"
0,Site Selling Discounted Stamps Is Official United States Postal Service.
0,"Ocasio-Cortez tweeted she got COVID-19 because of climate change, racism."
1,"“We’ve brought in more than $81 billion in economic investment, more than four times any previous administration.”"
0,"“The Wisconsin voter roll has over 120,000 active voters who have been registered to vote for over 100 years.”"
0,CDC Will Begin To Provide Data On How Many US Deaths Are ‘from’ COVID And How Many Are ‘with’ COVID.
1,An image shows a flyer of an After School Satan Club.
0, U.S. Supreme Court Justice Neil Gorsuch said the flu kills “hundreds of thousands of people every year.”
0,"A law authored by opposition vice presidential candidate Francis “Kiko” Pangilinan allows minors to go scot-free even after committing crimes such as robbery with murder, rape with murder, and rape."
0,mRNA COVID-19 are harmful for children.
0,Switzerland is the first country to approve “suicide chamber.”
0,Washington University School of Medicine study found that COVID-19 infection confers protection for life.
0, Omicron Variant Of Covid-19 Is Spreading Faster Than Any Other Virus In History.
0, purportedly shows Canadian Prime Minister Justin Trudeau stating that he was going to limit human rights.
0,"President Joe Biden recently faked a visit to a children’s hospital in Washington, D.C"
0,Vaccines Cause Brain Damage
0,purportedly shows a man who died two weeks after stating that he had an affair with former President Barack Obama.
0,We Can ‘Eat Our Way Out Of This Pandemic’ By Eating Leeks.
0,It Is ‘Odd’ That The COVID-19 Vaccine Was Developed So Quickly.
0,Congress party spokesman calls PM Modi a hero.
0,“Anderson Cooper floating the idea of withholding SS from the unvaxxed. Hope you enjoy what you voted for commies.”
0,Pfizer CEO Bourla talking about the microchip that will be in medications.  Sounds normal right?? Just a conspiracy theory?
1,COVID Testing has declined under Joe Biden.
0,COVID-19 vaccine caused football player Donald Parham Jr.’s heart to explode.
0,Dark colors on at home test strip shows COVID is in the water
0,Shah Jahan Chopped Off Hands Of Workers Who Built Taj Mahal
0,Biden said he wanted to resume building Trump’s wall.
0,"Jen Psaki said, ‘If you don’t buy anything, you won’t experience inflation’"
1, NASA provided $1.1 million in funding to a religious organization to study how humans may react to life beyond Earth.
0,Covid-19 cases in 2020 were actually the flu.
0, Covid-19 patient in hospital video is a crisis actor.
0,Images show roads in the Democratic Republic of the Congo before and after a project with Uganda.
0,Vaccinated People Are More Likely To Be Infected Than Those Without The Shot
0,flu cases being instead counted as COVID-19 cases was the reason for low flu activity during the 2020-2021 flu season.
1,"Guidelines published by the IRS ahead of the 2022 tax year explained how taxpayers can claim items they have stolen, or earnings from illegal activities."
0,a book about the omicron variant was published by White House chief medical adviser Dr. Anthony Fauci’s sister named Dr. Angelique Fauci.
0,British chef Jamie Oliver wins “legal battle” against McDonald’s over “pink slime”
0, “Trump cut Social Security benefits by over $3 billion.”
0,“CDC admits that COVID tests are invalid.”
0,A video clip shows a failed attempt by China to launch airstrikes near Taiwan.
0," On Dec. 28, 2021, three days before her death, Betty White said “Eat healthy and get all your vaccines. I just got boosted today.”"
0,“Six-month Pfizer data show COVID vaccine causes more illness than it prevents.”
0,Video shows kidnapper caught while trying to kidnap a toddler inside travel bag.
0,"“By declining the vax, I am 100% safe from adverse reactions and 99.8% safe from COVID.”"
0,Can hydroxychloroquine be made at home by boiling grapefruit and lemon peels in water?
0,"Actions by Joe Biden left “10,000 – 15,000 American citizens abandoned to terrorists in Afghanistan.”"
0, Amazon launched a presale of a new Amazon Token cryptocurrency.
0,Vaccines are why flights have been shut down worldwide.
0,Samajwadi Party chief Mulayam Singh Yadav has said recently that he feels the BJP might come to power in UP.
0,“It feels amazing” that unvaccinated people are “4.5 times LESS LIKELY to catch omicron” than people who are fully vaccinated and boosted.
0,"Dr. Fauci is a lying prick. The CDC, FDA and US government are criminal anti-American devilgangs. It’s not a vaccine its a deadly xperimental shot."
0,“Jan. 6 was NOT an insurrection…but Nov. 4 at 3 a.m. was!”
0,"“JUST IN – Robert Koch Institute report released today states that 95.58% of the #Omicron cases in Germany are fully vaccinated (28% of those had a “booster”), 4.42% are unvaccinated.”"
0,The Commission on Elections second division has dismissed the disqualification petition against presidential aspirant Bongbong Marcos
0,Fox News reported that Trump “vowed to pardon Ghislaine Maxwell if he wins in 2024.”
0,Tylenol “ruins your ability to kill” COVID-19.
1, The 
0,President Joe Biden “never had a” COVID-19 “plan.”
0,Kris Aquino stole the jewelry of Imelda Marcos
0,"When children are given vaccines for COVID-19, “a viral gene will be injected into your children’s cells. This gene forces your child’s body to make toxic spike proteins. These proteins often cause permanent damage in children’s critical organs.”"
0,“flurona” a new cross-breed virus resulting from combination of the SARS-CoV-2 virus and seasonal influenza.
0,Dr. Fauci gains profits from pharmaceutical companies.
1,"Former U.S. Vice President Mike Pence warned on Jan. 6, 2021, that pro-Trump rioters would be “prosecuted to the fullest extent of the law.”"
0,"“Chief Justice John Roberts goes after the highest court in the land, citing their ‘inappropriate political influence.’”"
0,Narendra Modi government’s Cabinet Committee on Security called for the removal of Sikhs from the Indian Army.
0,"“We have over 100,000 children, which we’ve never had before, in serious condition, and many on ventilators” due to the coronavirus."
0,"“mass formation psychosis” is a phenomenon that occurred in 1920s and 30s Germany when a highly educated population “went barking mad, and that is what’s happened here,” he said, referring to the COVID-19 pandemic"
0,“No one has been hospitalized for” the omicron variant of COVID-19.”
0, only 56 people die per day from COVID-19.
0, “Data from around the world suggests that omicron favors the fully vaccinated.”
0,The Premier of Western Australia faked getting the third dose of the COVID-19 vaccine.
0,Electric vehicles would not have fared well in the Virginia snowstorm traffic jam.
0,Claims former South Carolina Rep. Trey Gowdy alleged the 2020 election was rigged through “treasonous acts.”
0, Pfizer made $37 billion in profit in its last quarter.
0,“1 million COVID-vaccine injuries now reported on CDC’s database.”
0,Photo of huge crowd at Kenyan deputy president’s rally
1,"“Expanding Medicaid, which if we had done at the beginning of the Abbott administration, would have brought in $100 billion to this state’s economy.”"
0, Booster COVID-19 vaccine doses can “shut down the immune response”; heart damage following vaccination is “quite frequent”; “many of these [SARS-CoV-2] mutations are being driven by the evolutionary selection caused by the vaccines”
0,"Recently released Jan. 6 footage shows “these cops using massive amounts of force against unarmed Trump supporters, including women.”"
0,COVID-19 tests that are labeled “positive control swab” and “negative control swab” manipulated to deliver predetermined results.
0,President Joe Biden “has the lowest approval rating of any president ever.”
0,Face masks increase the risks of respiratory diseases.
1,"Gov. Kim Reynolds, touting $210 million for Iowa broadband, “failed to mention these are actually federal funds approved by Rep. Cindy Axne and signed into law by President Joe Biden.”"
